-- --------------------------------------------------------
-- Host:                         127.0.0.1
-- Server version:               8.0.30 - MySQL Community Server - GPL
-- Server OS:                    Win64
-- HeidiSQL Version:             12.6.0.6765
-- --------------------------------------------------------

/*!40101 SET @OLD_CHARACTER_SET_CLIENT=@@CHARACTER_SET_CLIENT */;
/*!40101 SET NAMES utf8 */;
/*!50503 SET NAMES utf8mb4 */;
/*!40103 SET @OLD_TIME_ZONE=@@TIME_ZONE */;
/*!40103 SET TIME_ZONE='+00:00' */;
/*!40014 SET @OLD_FOREIGN_KEY_CHECKS=@@FOREIGN_KEY_CHECKS, FOREIGN_KEY_CHECKS=0 */;
/*!40101 SET @OLD_SQL_MODE=@@SQL_MODE, SQL_MODE='NO_AUTO_VALUE_ON_ZERO' */;
/*!40111 SET @OLD_SQL_NOTES=@@SQL_NOTES, SQL_NOTES=0 */;

-- Dumping structure for table kecelakaan_data.gampong
CREATE TABLE IF NOT EXISTS `gampong` (
  `id` int NOT NULL,
  `nama_gampong` varchar(255) COLLATE utf8mb4_general_ci NOT NULL,
  PRIMARY KEY (`id`)
) ENGINE=InnoDB DEFAULT CHARSET=utf8mb4 COLLATE=utf8mb4_general_ci;

-- Dumping data for table kecelakaan_data.gampong: ~20 rows (approximately)
INSERT INTO `gampong` (`id`, `nama_gampong`) VALUES
	(1, 'Batuphat'),
	(2, 'Krueng Geukuh'),
	(3, 'Blang Pulo'),
	(4, 'Meuria Paloh'),
	(5, 'Blang Panyang'),
	(6, 'Panggoi'),
	(7, 'Cunda'),
	(8, 'Kandang'),
	(9, 'Alue Awe'),
	(10, 'Puentet'),
	(11, 'Mongedong'),
	(12, 'Kutablang'),
	(13, 'Darussalam'),
	(14, 'Meunasah Kota'),
	(15, 'Lancang Garam'),
	(16, 'Simpang Empat'),
	(17, 'Keude Aceh'),
	(18, 'Uteun Bayi'),
	(19, 'Banda Masen'),
	(20, 'Ujong Blang');

-- Dumping structure for table kecelakaan_data.jenis_kendaraan
CREATE TABLE IF NOT EXISTS `jenis_kendaraan` (
  `id` int NOT NULL AUTO_INCREMENT,
  `gampong_id` int NOT NULL,
  `kendaraan_roda_dua` int DEFAULT NULL,
  `kendaraan_roda_4` int DEFAULT NULL,
  `kendaraan_lebih_roda_4` int DEFAULT NULL,
  `kendaraan_lainnya` int DEFAULT NULL,
  `tahun` int DEFAULT NULL,
  PRIMARY KEY (`id`),
  KEY `gampong_id` (`gampong_id`),
  CONSTRAINT `jenis_kendaraan_ibfk_1` FOREIGN KEY (`gampong_id`) REFERENCES `gampong` (`id`) ON DELETE CASCADE
) ENGINE=InnoDB AUTO_INCREMENT=81 DEFAULT CHARSET=utf8mb4 COLLATE=utf8mb4_general_ci;

-- Dumping data for table kecelakaan_data.jenis_kendaraan: ~60 rows (approximately)
INSERT INTO `jenis_kendaraan` (`id`, `gampong_id`, `kendaraan_roda_dua`, `kendaraan_roda_4`, `kendaraan_lebih_roda_4`, `kendaraan_lainnya`, `tahun`) VALUES
	(2, 1, 5, 15, 1, 4, 2022),
	(3, 1, 5, 12, 29, 8, 2023),
	(4, 1, 9, 3, 26, 2, 2024),
	(6, 2, 3, 10, 16, 5, 2022),
	(7, 2, 3, 10, 30, 4, 2023),
	(8, 2, 4, 15, 24, 5, 2024),
	(10, 3, 10, 7, 22, 13, 2022),
	(11, 3, 10, 14, 27, 5, 2023),
	(12, 3, 5, 1, 19, 11, 2024),
	(14, 4, 2, 1, 18, 10, 2022),
	(15, 4, 8, 11, 16, 11, 2023),
	(16, 4, 3, 3, 2, 14, 2024),
	(18, 5, 4, 3, 10, 11, 2022),
	(19, 5, 3, 7, 21, 3, 2023),
	(20, 5, 3, 7, 27, 3, 2024),
	(22, 6, 7, 15, 23, 11, 2022),
	(23, 6, 5, 4, 6, 10, 2023),
	(24, 6, 4, 11, 13, 1, 2024),
	(26, 7, 7, 9, 26, 11, 2022),
	(27, 7, 1, 2, 11, 0, 2023),
	(28, 7, 8, 6, 29, 12, 2024),
	(30, 8, 2, 6, 18, 9, 2022),
	(31, 8, 10, 4, 18, 6, 2023),
	(32, 8, 6, 7, 18, 14, 2024),
	(34, 9, 1, 2, 21, 13, 2022),
	(35, 9, 2, 7, 1, 11, 2023),
	(36, 9, 2, 13, 12, 0, 2024),
	(38, 10, 8, 3, 30, 10, 2022),
	(39, 10, 7, 5, 20, 15, 2023),
	(40, 10, 3, 7, 2, 9, 2024),
	(42, 11, 8, 1, 22, 14, 2022),
	(43, 11, 9, 2, 16, 14, 2023),
	(44, 11, 4, 12, 14, 9, 2024),
	(46, 12, 8, 12, 28, 10, 2022),
	(47, 12, 4, 11, 10, 3, 2023),
	(48, 12, 3, 1, 1, 5, 2024),
	(50, 13, 7, 6, 27, 6, 2022),
	(51, 13, 9, 4, 17, 4, 2023),
	(52, 13, 1, 12, 23, 13, 2024),
	(54, 14, 7, 12, 12, 4, 2022),
	(55, 14, 3, 2, 2, 13, 2023),
	(56, 14, 4, 6, 15, 12, 2024),
	(58, 15, 4, 9, 17, 2, 2022),
	(59, 15, 5, 8, 23, 10, 2023),
	(60, 15, 10, 10, 12, 8, 2024),
	(62, 16, 6, 12, 5, 5, 2022),
	(63, 16, 3, 7, 15, 13, 2023),
	(64, 16, 2, 9, 25, 12, 2024),
	(66, 17, 7, 6, 24, 1, 2022),
	(67, 17, 2, 2, 11, 5, 2023),
	(68, 17, 5, 15, 10, 11, 2024),
	(70, 18, 4, 12, 10, 9, 2022),
	(71, 18, 3, 5, 30, 2, 2023),
	(72, 18, 1, 6, 24, 15, 2024),
	(74, 19, 4, 4, 1, 5, 2022),
	(75, 19, 4, 3, 19, 7, 2023),
	(76, 19, 7, 3, 7, 12, 2024),
	(78, 20, 5, 12, 4, 2, 2022),
	(79, 20, 4, 1, 9, 8, 2023),
	(80, 20, 5, 2, 15, 3, 2024);

-- Dumping structure for table kecelakaan_data.kecelakaan
CREATE TABLE IF NOT EXISTS `kecelakaan` (
  `id` int NOT NULL AUTO_INCREMENT,
  `gampong_id` int NOT NULL,
  `jumlah_kecelakaan` int DEFAULT NULL,
  `tahun` int DEFAULT NULL,
  PRIMARY KEY (`id`),
  KEY `gampong_id` (`gampong_id`),
  CONSTRAINT `kecelakaan_ibfk_1` FOREIGN KEY (`gampong_id`) REFERENCES `gampong` (`id`) ON DELETE CASCADE
) ENGINE=InnoDB AUTO_INCREMENT=82 DEFAULT CHARSET=utf8mb4 COLLATE=utf8mb4_general_ci;

-- Dumping data for table kecelakaan_data.kecelakaan: ~64 rows (approximately)
INSERT INTO `kecelakaan` (`id`, `gampong_id`, `jumlah_kecelakaan`, `tahun`) VALUES
	(2, 1, 60, 2022),
	(3, 1, 126, 2023),
	(4, 1, 110, 2024),
	(6, 2, 88, 2022),
	(7, 2, 129, 2023),
	(8, 2, 132, 2024),
	(10, 3, 124, 2022),
	(11, 3, 120, 2023),
	(12, 3, 101, 2024),
	(14, 4, 76, 2022),
	(15, 4, 102, 2023),
	(16, 4, 70, 2024),
	(18, 5, 80, 2022),
	(19, 5, 92, 2023),
	(20, 5, 109, 2024),
	(22, 6, 124, 2022),
	(23, 6, 79, 2023),
	(24, 6, 88, 2024),
	(26, 7, 136, 2022),
	(27, 7, 57, 2023),
	(28, 7, 139, 2024),
	(30, 8, 96, 2022),
	(31, 8, 94, 2023),
	(32, 8, 84, 2024),
	(34, 9, 93, 2022),
	(35, 9, 65, 2023),
	(36, 9, 68, 2024),
	(38, 10, 137, 2022),
	(39, 10, 94, 2023),
	(40, 10, 65, 2024),
	(42, 11, 101, 2022),
	(43, 11, 95, 2023),
	(44, 11, 97, 2024),
	(46, 12, 132, 2022),
	(47, 12, 76, 2023),
	(48, 12, 38, 2024),
	(50, 13, 105, 2022),
	(51, 13, 104, 2023),
	(52, 13, 114, 2024),
	(54, 14, 107, 2022),
	(55, 14, 62, 2023),
	(56, 14, 94, 2024),
	(58, 15, 90, 2022),
	(59, 15, 105, 2023),
	(60, 15, 94, 2024),
	(62, 16, 76, 2022),
	(63, 16, 83, 2023),
	(64, 16, 102, 2024),
	(66, 17, 95, 2022),
	(67, 17, 61, 2023),
	(68, 17, 105, 2024),
	(70, 18, 83, 2022),
	(71, 18, 103, 2023),
	(72, 18, 93, 2024),
	(74, 19, 49, 2022),
	(75, 19, 76, 2023),
	(76, 19, 60, 2024),
	(78, 20, 91, 2022),
	(79, 20, 63, 2023),
	(80, 20, 79, 2024);

-- Dumping structure for table kecelakaan_data.kondisi_jalan
CREATE TABLE IF NOT EXISTS `kondisi_jalan` (
  `id` int NOT NULL AUTO_INCREMENT,
  `gampong_id` int NOT NULL,
  `jalan_berlubang` int DEFAULT NULL,
  `jalan_jalur_dua` int DEFAULT NULL,
  `tahun` int DEFAULT NULL,
  PRIMARY KEY (`id`),
  KEY `gampong_id` (`gampong_id`),
  CONSTRAINT `kondisi_jalan_ibfk_1` FOREIGN KEY (`gampong_id`) REFERENCES `gampong` (`id`) ON DELETE CASCADE
) ENGINE=InnoDB AUTO_INCREMENT=81 DEFAULT CHARSET=utf8mb4 COLLATE=utf8mb4_general_ci;

-- Dumping data for table kecelakaan_data.kondisi_jalan: ~60 rows (approximately)
INSERT INTO `kondisi_jalan` (`id`, `gampong_id`, `jalan_berlubang`, `jalan_jalur_dua`, `tahun`) VALUES
	(2, 1, 5, 15, 2022),
	(3, 1, 5, 12, 2023),
	(4, 1, 9, 3, 2024),
	(6, 2, 3, 10, 2022),
	(7, 2, 3, 10, 2023),
	(8, 2, 4, 15, 2024),
	(10, 3, 10, 7, 2022),
	(11, 3, 10, 14, 2023),
	(12, 3, 5, 1, 2024),
	(14, 4, 2, 1, 2022),
	(15, 4, 8, 11, 2023),
	(16, 4, 3, 3, 2024),
	(18, 5, 4, 3, 2022),
	(19, 5, 3, 7, 2023),
	(20, 5, 3, 7, 2024),
	(22, 6, 7, 15, 2022),
	(23, 6, 5, 4, 2023),
	(24, 6, 4, 11, 2024),
	(26, 7, 7, 9, 2022),
	(27, 7, 1, 2, 2023),
	(28, 7, 8, 6, 2024),
	(30, 8, 2, 6, 2022),
	(31, 8, 10, 4, 2023),
	(32, 8, 6, 7, 2024),
	(34, 9, 1, 2, 2022),
	(35, 9, 2, 7, 2023),
	(36, 9, 2, 13, 2024),
	(38, 10, 8, 3, 2022),
	(39, 10, 7, 5, 2023),
	(40, 10, 3, 7, 2024),
	(42, 11, 8, 1, 2022),
	(43, 11, 9, 2, 2023),
	(44, 11, 4, 12, 2024),
	(46, 12, 8, 12, 2022),
	(47, 12, 4, 11, 2023),
	(48, 12, 3, 1, 2024),
	(50, 13, 7, 6, 2022),
	(51, 13, 9, 4, 2023),
	(52, 13, 1, 12, 2024),
	(54, 14, 7, 12, 2022),
	(55, 14, 3, 2, 2023),
	(56, 14, 4, 6, 2024),
	(58, 15, 4, 9, 2022),
	(59, 15, 5, 8, 2023),
	(60, 15, 10, 10, 2024),
	(62, 16, 6, 12, 2022),
	(63, 16, 3, 7, 2023),
	(64, 16, 2, 9, 2024),
	(66, 17, 7, 6, 2022),
	(67, 17, 2, 2, 2023),
	(68, 17, 5, 15, 2024),
	(70, 18, 4, 12, 2022),
	(71, 18, 3, 5, 2023),
	(72, 18, 1, 6, 2024),
	(74, 19, 4, 4, 2022),
	(75, 19, 4, 3, 2023),
	(76, 19, 7, 3, 2024),
	(78, 20, 5, 12, 2022),
	(79, 20, 4, 1, 2023),
	(80, 20, 5, 2, 2024);

-- Dumping structure for table kecelakaan_data.koordinat
CREATE TABLE IF NOT EXISTS `koordinat` (
  `id` int NOT NULL AUTO_INCREMENT,
  `gampong_id` int NOT NULL,
  `latitude` decimal(10,8) DEFAULT NULL,
  `longitude` decimal(11,8) DEFAULT NULL,
  PRIMARY KEY (`id`),
  KEY `gampong_id` (`gampong_id`),
  CONSTRAINT `koordinat_ibfk_1` FOREIGN KEY (`gampong_id`) REFERENCES `gampong` (`id`) ON DELETE CASCADE
) ENGINE=InnoDB AUTO_INCREMENT=21 DEFAULT CHARSET=utf8mb4 COLLATE=utf8mb4_general_ci;

-- Dumping data for table kecelakaan_data.koordinat: ~20 rows (approximately)
INSERT INTO `koordinat` (`id`, `gampong_id`, `latitude`, `longitude`) VALUES
	(1, 1, 4.52395423, 96.90143505),
	(2, 2, 4.80191436, 95.77418061),
	(3, 3, 4.72570175, 95.82904590),
	(4, 4, 5.30996836, 96.81741270),
	(5, 5, 5.27855872, 95.14487895),
	(6, 6, 4.90151345, 95.04134523),
	(7, 7, 5.43179124, 95.35371672),
	(8, 8, 4.85745915, 96.27296605),
	(9, 9, 4.95775790, 96.31303034),
	(10, 10, 5.45046717, 96.15226314),
	(11, 11, 5.17430980, 95.83667471),
	(12, 12, 4.71694168, 96.26722317),
	(13, 13, 4.97682913, 96.37661381),
	(14, 14, 5.08125577, 95.65302660),
	(15, 15, 5.16934610, 96.14782474),
	(16, 16, 5.10973874, 96.29057419),
	(17, 17, 4.82525673, 96.34383150),
	(18, 18, 4.58985375, 95.16488025),
	(19, 19, 5.28227546, 96.05905620),
	(20, 20, 4.52753082, 95.39643256);

-- Dumping structure for table kecelakaan_data.korban
CREATE TABLE IF NOT EXISTS `korban` (
  `id` int NOT NULL AUTO_INCREMENT,
  `gampong_id` int NOT NULL,
  `jumlah_meninggal` int DEFAULT NULL,
  `tahun` int DEFAULT NULL,
  `luka_berat` int DEFAULT NULL,
  `luka_ringan` int DEFAULT NULL,
  PRIMARY KEY (`id`),
  KEY `gampong_id` (`gampong_id`),
  CONSTRAINT `korban_ibfk_1` FOREIGN KEY (`gampong_id`) REFERENCES `gampong` (`id`) ON DELETE CASCADE
) ENGINE=InnoDB AUTO_INCREMENT=81 DEFAULT CHARSET=utf8mb4 COLLATE=utf8mb4_general_ci;

-- Dumping data for table kecelakaan_data.korban: ~60 rows (approximately)
INSERT INTO `korban` (`id`, `gampong_id`, `jumlah_meninggal`, `tahun`, `luka_berat`, `luka_ringan`) VALUES
	(2, 1, 10, 2022, 15, 82),
	(3, 1, 2, 2023, 29, 22),
	(4, 1, 9, 2024, 41, 28),
	(6, 2, 3, 2022, 87, 14),
	(7, 2, 7, 2023, 78, 87),
	(8, 2, 5, 2024, 51, 51),
	(10, 3, 7, 2022, 13, 33),
	(11, 3, 10, 2023, 31, 64),
	(12, 3, 5, 2024, 79, 72),
	(14, 4, 2, 2022, 62, 18),
	(15, 4, 5, 2023, 19, 43),
	(16, 4, 8, 2024, 25, 61),
	(18, 5, 9, 2022, 25, 55),
	(19, 5, 7, 2023, 11, 55),
	(20, 5, 9, 2024, 43, 23),
	(22, 6, 2, 2022, 21, 25),
	(23, 6, 6, 2023, 64, 33),
	(24, 6, 9, 2024, 10, 16),
	(26, 7, 7, 2022, 65, 50),
	(27, 7, 10, 2023, 79, 82),
	(28, 7, 10, 2024, 24, 84),
	(30, 8, 10, 2022, 61, 37),
	(31, 8, 1, 2023, 20, 63),
	(32, 8, 1, 2024, 12, 60),
	(34, 9, 4, 2022, 75, 29),
	(35, 9, 7, 2023, 64, 30),
	(36, 9, 1, 2024, 42, 14),
	(38, 10, 10, 2022, 39, 81),
	(39, 10, 7, 2023, 68, 49),
	(40, 10, 9, 2024, 73, 45),
	(42, 11, 3, 2022, 63, 34),
	(43, 11, 9, 2023, 45, 29),
	(44, 11, 8, 2024, 11, 11),
	(46, 12, 5, 2022, 35, 71),
	(47, 12, 9, 2023, 43, 23),
	(48, 12, 9, 2024, 84, 43),
	(50, 13, 3, 2022, 34, 87),
	(51, 13, 1, 2023, 17, 51),
	(52, 13, 5, 2024, 33, 56),
	(54, 14, 4, 2022, 89, 56),
	(55, 14, 5, 2023, 61, 67),
	(56, 14, 2, 2024, 31, 37),
	(58, 15, 5, 2022, 30, 63),
	(59, 15, 2, 2023, 55, 80),
	(60, 15, 5, 2024, 28, 88),
	(62, 16, 1, 2022, 28, 14),
	(63, 16, 8, 2023, 27, 24),
	(64, 16, 6, 2024, 40, 61),
	(66, 17, 6, 2022, 48, 84),
	(67, 17, 8, 2023, 71, 62),
	(68, 17, 9, 2024, 88, 81),
	(70, 18, 7, 2022, 53, 29),
	(71, 18, 5, 2023, 83, 40),
	(72, 18, 6, 2024, 66, 22),
	(74, 19, 4, 2022, 74, 53),
	(75, 19, 4, 2023, 75, 10),
	(76, 19, 4, 2024, 86, 35),
	(78, 20, 8, 2022, 67, 73),
	(79, 20, 2, 2023, 11, 23),
	(80, 20, 10, 2024, 80, 54);

/*!40103 SET TIME_ZONE=IFNULL(@OLD_TIME_ZONE, 'system') */;
/*!40101 SET SQL_MODE=IFNULL(@OLD_SQL_MODE, '') */;
/*!40014 SET FOREIGN_KEY_CHECKS=IFNULL(@OLD_FOREIGN_KEY_CHECKS, 1) */;
/*!40101 SET CHARACTER_SET_CLIENT=@OLD_CHARACTER_SET_CLIENT */;
/*!40111 SET SQL_NOTES=IFNULL(@OLD_SQL_NOTES, 1) */;
